"id";"direccion";"numero";"num_plazas";"observacion";"latitud";"longitud"
0;"CALLE ESCRITOR MIGUEL TORO";"7";3;"";37.15383690842931;-3.606697353309716
1;"CALLE COSTA RICA";"16";1;"";37.15460750668998;-3.603196729204139
2;"CALLE SANTA ADELA";"FRENTE 45";2;"";37.15405225534883;-3.59920604172359
3;"CALLE TORRE DE COMARES";"FRENTE 7";3;"";37.15188679689119;-3.595193668329527
4;"CALLE URUGUAY";"43";1;"QUINCENAL";37.15173717960425;-3.601843182561146
5;"CALLE URUGUAY";"50";1;"QUINCENAL";37.15173858917186;-3.601885198302605
6;"CALLE SOL Y LUNA";"31";1;"";37.15586972374701;-3.602579357137846
7;"AVENIDA DE DILAR";"58";2;"";37.15569962628765;-3.600551546922064
8;"CALLE NAVARRA";"37";1;"";37.15648640802699;-3.599617056883421
9;"CALLE POETA GRACIAN";"7";1;"";37.15355958340836;-3.598930863010477
10;"CALLE MERCEDES GAIBROIS";"39";6;"";37.15626968486453;-3.589523282371776
11;"CALLE TORRE DE LOS PICOS";"13";2;"";37.15551370705533;-3.591311762211276
12;"CALLE TORRE DE LA POLVORA";"6";2;"";37.15340447861467;-3.59144432614942
13;"CALLE TORRE PEDRO DE MORALES";"S/N";4;"";37.1565960538493;-3.592679966345409
14;"CALLE DOCTOR ALEJANDRO OTERO";"8";3;"";37.16372375988296;-3.60802262811833
15;"CALLE POETA MANUEL GONGORA";"8";4;"";37.16630972648699;-3.595067968464703
16;"CALLE GONZALO JIMENEZ DE QUESADA";"2";1;"";37.1634189446717;-3.600220439367029
17;"CALLE ANDREA NAVAGIERO";"4";1;"ENTRADA URGENCIAS Y MINUSVALIDOS";37.1636063250799;-3.599386090916447
18;"CAMINO REAL DE LOS NEVEROS";"10";2;"";37.16238834937933;-3.586133373077089
19;"CARRETERA DE LA SIERRA";"18";1;"";37.16700687721792;-3.587265199797203
20;"CALLE PRIMAVERA";"25";1;"";37.16241749043677;-3.594126067944111
21;"CALLE VIRGEN DE LORETO";"26";1;"";37.16336368967445;-3.593694554776703
22;"CALLE EL PURCHE";"2";2;"";37.16651184588629;-3.587060319239984
23;"AVENIDA DE CERVANTES";"27";1;"";37.16396378747411;-3.587854714361815
24;"CALLE LAGUNA DE LAS YEGUAS";"2";1;"";37.16625538244672;-3.58636980291606
25;"CALLE SANTO SEPULCRO DE LA QUINTA";"1";1;"";37.16610413046389;-3.589681318982682
26;"CALLE BEETHOVEN";"FRENTE 3";1;"";37.15707321810948;-3.603638421338089
27;"AVENIDA DE DILAR";"32";1;"";37.15779490643016;-3.600094997104847
28;"AVENIDA DE DILAR";"31";2;"";37.15919877251537;-3.599788044516411
29;"CALLE PINTOR MANUEL MALDONADO";"3";2;"";37.15823983948221;-3.59615841769364
30;"CALLE PINTOR MANUEL MALDONADO";"3";2;"";37.15837839441205;-3.596138670541113
31;"CALLE MARGARITA XIRGU";"1";1;"";37.15812434054686;-3.598475615164757
32;"CALLE PALENCIA";"23";1;"";37.15978684534586;-3.595544710629924
33;"AVENIDA DE ITALIA";"2";2;"";37.16057654674394;-3.597038244025638
34;"AVENIDA DON BOSCO";"15";1;"";37.15968527648896;-3.601477653059001
35;"AVENIDA DE BARCELONA";"16";2;"";37.16140188962164;-3.601784197880765
36;"CALLE JARDIN DE DARAJA";"13";1;"";37.15826278582064;-3.589812995041656
37;"CAMINO BAJO DE HUETOR";"61";1;"";37.15761055705709;-3.587206594819409
38;"CALLE PRIMAVERA";"26";2;"";37.16176385329517;-3.591170218576941
39;"CALLE POETA CESAR VALLEJO";"11";2;"";37.15879515998783;-3.591642079399853
40;"CALLE FONTIVEROS";"29";3;"";37.16133103814202;-3.593493159910462
41;"CALLE TORRE DEL CAPITAN";"12";1;"";37.15864027074886;-3.586012870964701
42;"CALLE LAGUNA DE AGUAS VERDES";"7";1;"";37.1593755975376;-3.583568407582327
43;"CALLE OBISPO HURTADO";"1";3;"";37.1755874139898;-3.604087642613998
44;"CALLE MALAGA";"4";3;"";37.17725029143126;-3.602356140055726
45;"PLAZA DE LA TRINIDAD";"FRENTE 4";2;"";37.1758554297187;-3.601899548663998
46;"CALLE PLEGADERO BAJO";"2";1;"EXCEPTO VEHICULOS DE MINUSVALIDOS Y SANITARIOS";37.17325795359677;-3.590916596219091
47;"CALLE SANTA AURELIA";"5";1;"";37.16788565907407;-3.602075621847781
48;"CUESTA DEL PROGRESO";"9";2;"";37.17242835327906;-3.596295740869334
49;"PASEO DE LOS BASILIOS";"0,083333333333";2;"";37.16818044526361;-3.595457707365712
50;"CALLE GENERAL NARVAEZ";"1";2;"";37.17173548928309;-3.603350955908022
51;"CALLE ALHAMAR";"27";1;"";37.16896431299285;-3.602193882798151
52;"PASEO DEL SALON";"2";2;"";37.16967752640019;-3.595398820354405
53;"CALLE CARRERA DE LA VIRGEN";"42";2;"";37.17024011859412;-3.596919707091814
54;"CALLE PINTOR ZULOAGA";"14";2;"";37.16886619811139;-3.60241533998158
55;"PLAZA DE MARIANA PINEDA";"10";1;"";37.17214787571366;-3.597381445542019
56;"CALLE MULHACEN";"10";1;"";37.16923140594268;-3.60148142048687
57;"PLAZA DE BIBATAUBIN";"FRENTE 1";3;"";37.17169447665646;-3.59764844591537
58;"CALLE SANTIAGO";"36";3;"DE 9:00 A 15:00";37.17109070757707;-3.591964870713363
59;"CALLE DOCTOR GUIRAO GEA";"6";3;"";37.18756233330062;-3.606519638099403
60;"AVENIDA DE ANDALUCES";"18";2;"";37.1841413810646;-3.608797905695079
61;"CAMINO DE RONDA";"146";1;"";37.17815103494418;-3.610583275747821
62;"CAMINO DE RONDA";"170";1;"";37.18044566596714;-3.611980182674145
63;"CALLE CAÑAVERAL";"FRENTE 24";3;"";37.17904056198226;-3.613847123239836
64;"CALLE CAÑAVERAL";"1";1;"";37.17814705877906;-3.611198210721131
65;"CALLE GONZALO GALLAS";"33";2;"";37.18143334566156;-3.61178558834099
66;"CALLE SANTO TOMAS DE VILLANUEVA";"17";2;"";37.18023812584064;-3.615178250509049
67;"CALLE CAÑAVERAL";"FRENTE 26";4;"LABORABLES DE 12:00 A 15:00";37.17911030923886;-3.614060376753117
68;"CAMINO DE RONDA";"182";1;"";37.18226265394284;-3.613074996848332
69;"AVENIDA CAPITAN MORENO";"3";1;"";37.18321533588784;-3.600399147083377
70;"CALLE DOCTOR GUIRAO GEA";"FRENTE 11";4;"";37.18577910216507;-3.604325577643154
71;"CALLE CRISTO DE LA YEDRA";"60";1;"";37.18738510252122;-3.600210518745494
72;"CALLE SAN JUAN DE DIOS";"54";2;"";37.18266058767781;-3.602343078886745
73;"CALLE SAN JUAN DE DIOS";"19";2;"";37.18114476679457;-3.602631055062938
74;"CALLE SAN JUAN DE DIOS";"16";1;"";37.18041128276948;-3.602651030411882
75;"CALLE SANTA LUCIA";"16";2;"";37.18107568177938;-3.600236897177651
76;"PLACETA RADIO GRANADA";"1";1;"";37.17774264294156;-3.599863353449547
77;"PLACETA DE SAN MIGUEL BAJO";"8";1;"DE 11:00 A 8:00 RESTO DE HORAS CARGA Y DESCARGA";37.18054286038042;-3.596804913096954
78;"CALLE GRAN CAPITAN";"18";2;"";37.17779137417791;-3.60493226568534
79;"CALLE MATILDE DIAZ";"6";1;"";37.18856467065788;-3.627127079635543
80;"CALLE VIRGEN DE LA CONSOLACION";"12";2;"";37.19223013763527;-3.627329988770009
81;"CARRETERA DE MALAGA";"83";1;"";37.18936406222644;-3.62712163046134
82;"AVENIDA JUAN PABLO II";"FRENTE 5 A";3;"";37.19341323163035;-3.608160750386756
83;"CALLE CURRO CUCHARES";"15";4;"";37.19496039915401;-3.611982759262718
84;"AVENIDA FEDERICO GARCIA LORCA";"4";1;"";37.19823482413138;-3.615278184771069
85;"AVENIDA JUAN PABLO II";"0,20833333333";4;"";37.19334529296654;-3.608401667424916
86;"CALLE DOCTOR AZPITARTE";"FRENTE 12";4;"";37.18938105763592;-3.610604892213353
87;"CALLE DOCTOR AZPITARTE";"4";2;"";37.18890242584755;-3.609006001058741
88;"AVENIDA DE MADRID";"28";2;"";37.18917452576422;-3.605330238749293
89;"CALLE RIBERA DEL BEIRO";"8";4;"";37.1897132201613;-3.610885970334453
90;"CALLE GARCIA MORATO";"19";2;"";37.19018784969464;-3.601738631555634
91;"CALLE ISLA DE LA GOMERA";"S/N";5;"";37.20052327391336;-3.620993094857425
92;"CALLE RIGOBERTA MENCHU";"6";1;"";37.20682570355245;-3.595654939976221
93;"CALLE RONDA DE ALFAREROS";"8";4;"";37.19846867840002;-3.597724647185804
94;"CALLE JAVIER TORTOSA";"FRENTE 19";2;"";37.16310123716516;-3.554574101410221
95;"PASEO DE LOS MARTIRES";"9";1;"";37.17268652497074;-3.587398446873465
96;"PASEO DE LOS MARTIRES";"9";1;"";37.17260611213172;-3.587509229620028
99;"PLAZA POETA GARCILASO DE LA VEGA";"11";1;"";37.20076622900356;-3.607968294800401
100;"CALLE FRIBURGO";"FRENTE 5";1;"";37.19727346464472;-3.608111915902756
101;"CALLE JOAQUINA EGUARAS";"S/N";4;"";37.19844681590586;-3.607109097550659
102;"AVENIDA LUIS MIRANDA DAVALOS";"7";1;"";37.19604490027012;-3.612082776757899
103;"CALLE SAN BASILIO";"FRENTE 26";3;"";37.19459472491761;-3.607081878960064
104;"CALLE RONDA DE ALFAREROS";"16";1;"";37.19920314965517;-3.596666139959329
105;"CAMINO DE ALFACAR";"FRENTE 14";2;"";37.19602236215717;-3.6012754827013
106;"PASEO DE CARTUJA";"19";2;"";37.18898173705928;-3.600517660583714
107;"CALLEJON POCO TRIGO";"4";1;"";37.18693307820873;-3.602268714559816
108;"CALLE REAL DE CARTUJA";"32";3;"";37.18637206970568;-3.600039256960165
109;"AVENIDA DIVINA PASTORA";"11";3;"";37.1845169976006;-3.602153893362942
110;"CALLE ANCHA DE CAPUCHINOS";"1";2;"";37.18504942618745;-3.602106630668653
111;"PLAZA DEL TRIUNFO";"FRENTE 1";1;"";37.18239532684394;-3.599918144322422
112;"CALLE PAGES";"FRENTE 11";1;"";37.18294911952951;-3.591898710037705
113;"PLAZA DE SANTA ANA";"1";2;"";37.17716603343997;-3.595221762701891
114;"CALLE CASERIA DEL CERRO";"S/N";1;"";37.2077417589453;-3.608417182338237
115;"PLAZA DE GRACIA";"8";1;"";37.17296320937535;-3.604253642097982
116;"PLAZA CAMPO DEL PRINCIPE";"1";2;"";37.17337562739971;-3.59275272358014
117;"CALLE TEJEIRO";"14";4;"";37.16991678361533;-3.603055132143243
118;"CALLE CARRERA DE LA VIRGEN";"3";2;"";37.17123922006316;-3.597550243949701
119;"CALLE MULHACEN";"23";2;"";37.16821137168993;-3.601375234993053
120;"CALLE PEDRO ANTONIO DE ALARCON";"3 B";2;"";37.16928271814226;-3.603076116703488
121;"CALLE JOAQUIN BLUME";"FRENTE 3";1;"";37.16846237780105;-3.603584694185996
122;"CALLE GRANADOS";"3";2;"";37.16807080184862;-3.603904737736797
123;"CALLE HENRIQUEZ DE JORQUERA";"12";1;"";37.20393361971849;-3.600168353028795
124;"CALLE RODRIGO DE TRIANA";"21";1;"";37.20564855488151;-3.600912398695656
125;"CALLE PITAGORAS";"1";1;"";37.20019995370988;-3.626153434058836
126;"AVENIDA FEDERICO GARCIA LORCA";"8";1;"";37.19906898563418;-3.616128382869156
127;"CALLE COMPOSITOR RUIZ AZNAR";"8";1;"";37.16719064758583;-3.591591722036895
128;"CALLE COMPOSITOR RUIZ AZNAR";"13";1;"";37.1669873855637;-3.591373540837993
129;"CALLE PERIODISTA RAFAEL GOMEZ MONTERO";"3";2;"";37.19752675896907;-3.624820216710735
130;"CALLE JULIO MORENO DAVILA";"6";1;"";37.20297197769994;-3.602929623485136
131;"CALLE ALCALDE MOSEN RUBI DE BRACAMOTE";"S/N";1;"";37.20253982255003;-3.596334599822698
132;"CALLE ALCALDE MOSEN RUBI DE BRACAMOTE";"S/N";1;"";37.20223272074401;-3.595723333080613
133;"CALLE ALCALDE MOSEN RUBI DE BRACAMOTE";"S/N";1;"";37.20179755247917;-3.593451071281796
134;"CALLE ALCALDE MOSEN RUBI DE BRACAMOTE";"S/N";1;"";37.20205162335095;-3.593818279458482
135;"CALLE MOLINOS";"63";1;"";37.170963673059;-3.59068528822201
136;"CARRETERA DE LA SIERRA";"106";1;"";37.16439547882373;-3.578844821609028
137;"CARRETERA DE LA SIERRA";"100";1;"";37.16448316351303;-3.578960262153525
138;"PASEO LAGUNA DE CAMEROS";"FRENTE 1";5;"LABORABLES DE 9:00 A 21:00";37.15767387052858;-3.584678727863909
139;"CALLE BRUSELAS";"8";1;"";37.16433795948946;-3.593435689275846
140;"AVENIDA PABLO PICASSO";"26";2;"";37.16485868330627;-3.594574193116297
141;"AVENIDA PABLO PICASSO";"14";1;"";37.16409462435906;-3.596125896591911
142;"CALLE AGUSTIN LARA";"2";1;"";37.16352416171171;-3.596154642187201
143;"CARRETERA DE LA SIERRA";"26";1;"";37.16655354057194;-3.585681427747789
144;"PASEO DE LAS PALMAS";"21 A";1;"";37.16741018495077;-3.584979214177841
145;"CALLE PICO DEL CABALLO";"54";1;"";37.16556647079942;-3.582535737713699
146;"PASEO FUENTE DE LA BICHA";"S/N";5;"";37.164622770587;-3.582815144070211
147;"AVENIDA DE CERVANTES";"10";2;"";37.16494270879504;-3.588855939741695
148;"CALLE FONTIVEROS";"25";2;"";37.16158424287375;-3.595383563755757
149;"CAMINO DE LA ZUBIA";"21";1;"";37.16214960012557;-3.596569468660802
150;"CALLE ANDRES SEGOVIA";"41";1;"";37.16261283575032;-3.594556037508902
151;"CAMINO BAJO DE HUETOR";"FRENTE 46";1;"";37.1624193124607;-3.59014589716733
152;"CALLE DOÑA ROSITA";"FRENTE 15";1;"";37.15895225501488;-3.597137980368823
153;"CALLE JOSE MARIA GARRIDO LOPERA";"3";2;"";37.15903565901857;-3.589357467919337
154;"CALLE LUZ CASANOVA";"3";2;"";37.20122102810343;-3.602659119368658
155;"CALLE ALCALDE IÑIGO MANRIQUE";"S/N";2;"";37.2009802645354;-3.597919438030675
156;"CALLE ALCALDE IÑIGO MANRIQUE";"S/N";1;"";37.20058626553912;-3.59745342094484
157;"PLAZA DEL POETA JUAN BOSCAN";"2";1;"";37.20167423828689;-3.608578222217278
158;"PLAZA DEL POETA JUAN BOSCAN";"7";1;"";37.20202646243896;-3.608375731580332
159;"CALLE SOS DEL REY CATOLICO";"13";1;"";37.16683534706755;-3.594724156328094
160;"CALLE ISMAIL";"41";2;"";37.20172546829336;-3.613281625603129
161;"AVENIDA FEDERICO GARCIA LORCA";"21";5;"";37.20088834062241;-3.619216663484776
162;"CALLE PERIODISTA BARRIOS TALAVERA";"FRENTE 6";2;"";37.1969108111108;-3.628561858199519
163;"CALLE PERIODISTA AQUILINO MORCILLO HERRERA";"8";2;"";37.19697570535806;-3.627098008615134
164;"CALLE ORONE";"14";2;"";37.19858553932263;-3.621680594830643
165;"CALLE PERIODISTA JOSE MARIA CARULLA";"8";1;"";37.1945450939963;-3.62283362905573
166;"CALLE PERIODISTA JOSE MARIA CARULLA";"37";1;"";37.19447381641949;-3.622674621255874
167;"CALLE PLAYA SANTIAGO";"S/N";1;"";37.20300610192815;-3.622332670585872
168;"CALLE ATENEA";"2";1;"";37.19957327808254;-3.626482142976895
169;"CALLE PINTOR CHAVARITO";"20";1;"";37.20407044133884;-3.605493049717465
170;"CALLE VIOLETA PARRA";"S/N";1;"";37.19025505203558;-3.631379584183681
171;"CALLE MARGARITA NELKEN";"27";1;"";37.19126363611772;-3.631632361493373
172;"AVENIDA GLORIA FUERTES";"15";1;"";37.19178778932804;-3.631566755188067
173;"CALLE ESTRELLAS";"20";2;"";37.19240167331142;-3.628573627271131
174;"CALLE ESTRELLAS";"23";2;"";37.19234489295521;-3.628606170060152
175;"CALLE DOCTOR MEDINA OLMOS";"32";2;"";37.19259107314642;-3.627685189767879
176;"CALLE LEDAÑA";"8";2;"";37.19347307859449;-3.626886637438341
177;"AVENIDA DE ANDALUCIA";"99";1;"";37.19374310899694;-3.625645386745937
178;"CALLE SAGRADA FAMILIA";"2";1;"";37.19272266020447;-3.623876786296541
179;"CALLE PERIODISTA ANTONIO LOPEZ MUÑOZ";"FRENTE 2";1;"";37.19431989068167;-3.621929133490776
180;"PASEO RECTOR ANTONIO GALLEGO MORELL";"S/N";6;"TODOS LOS DIAS TODAS LAS HORAS MENOS MIERCOLES DE 7:00 A 16:00";37.18863037281842;-3.628253733587624
181;"PASEO RECTOR ANTONIO GALLEGO MORELL";"S/N";1;"";37.18950413961713;-3.629861767569465
182;"CALLE DOCTOR ROJAS BALLESTEROS";"1";1;"";37.19037221645576;-3.60674298646842
183;"CALLE GABRIEL ARAGON";"2";1;"";37.19033498754912;-3.627201988732475
184;"CALLE SANTA MICAELA";"8";1;"";37.191881359383;-3.623229326944724
185;"CALLE HIGUERA";"1";1;"";37.18976095287355;-3.626352901687787
186;"CARRETERA DE MALAGA";"79";2;"";37.18919057080631;-3.625493717499412
187;"CALLE ARQUITECTO MODESTO CENDOYA";"11";1;"";37.20935406128945;-3.617599481249785
188;"CALLE GAONA";"24";1;"";37.19432484292161;-3.612048393442105
189;"CALLE SAETA";"18";2;"";37.1944498258494;-3.61275509254004
190;"CALLE CIRCUNVALACION ENCINA";"12";1;"";37.19048454547792;-3.620322342365504
191;"CALLE DORADA";"1";2;"";37.18740650276482;-3.618773266129992
192;"CALLE MIRLO";"40";1;"";37.18678629600019;-3.613136886796469
193;"AVENIDA DE LAS FUERZAS ARMADAS";"21";2;"";37.18936389549643;-3.612064150723009
194;"CALLE DOCTOR AZPITARTE";"FRENTE 2";2;"";37.18866373079715;-3.608813451985557
195;"CALLE RUISEÑOR";"4";2;"";37.18559985145507;-3.609289774127863
196;"CALLE EMIR";"17";2;"";37.15907159811044;-3.60836040248887
197;"CALLE FRAY LEOPOLDO DE ALPANDEIRE";"9";1;"";37.18436913890698;-3.607871066188344
198;"CALLE CAÑAVERAL";"FRENTE 10";1;"";37.17851546803369;-3.612264052922373
199;"CALLE SANTISTEBAN MARQUEZ";"4";2;"";37.17662009758666;-3.611124749200157
200;"CALLE PEDRO ANTONIO DE ALARCON";"93";2;"";37.17725603735811;-3.609090666622921
201;"CALLE PINTOR RODRIGUEZ ACOSTA";"2";1;"";37.17829034846563;-3.607904851817838
202;"CALLE EMPERATRIZ EUGENIA";"6";2;"";37.17639217406124;-3.606547436109722
203;"CALLE MULADIES";"2";1;"";37.15654380838651;-3.609674917553647
204;"CALLE ALQUIBLA";"3";1;"";37.15692477397623;-3.607188389366136
205;"CALLE PADRE FRANCISCO PALAU Y QUER";"13";1;"";37.15552029487219;-3.607734730762706
206;"CALLE PADRE FRANCISCO PALAU Y QUER";"21";3;"DE 9:00 A 21:00";37.15422993596017;-3.605157648254583
207;"AVENIDA DEL CONOCIMIENTO";"S/N";1;"";37.14671273029442;-3.607492861363747
208;"AVENIDA DEL CONOCIMIENTO";"S/N";1;"";37.14665246506927;-3.607643833334696
213;"CALLE ALHAMA DE GRANADA";"5";1;"";37.15790625889787;-3.602758597735969
214;"CALLE MARGARITA XIRGU";"2";4;"";37.15803882040265;-3.599096615247984
215;"CALLE BERNARDA ALBA";"FRENTE 21";1;"";37.15655381837471;-3.598118730430413
216;"CALLE ARGENTINA";"15";1;"";37.15534306742618;-3.601594836482869
217;"CALLE CHILE";"4";1;"";37.154047523788;-3.601194243754609
218;"AVENIDA DE CADIZ";"44";2;"";37.15464575863489;-3.604076910403763
219;"CALLE VALENCIA";"6";1;"";37.15538652222882;-3.5972903497039
220;"CALLE VALENCIA";"4";1;"";37.15545752013547;-3.597959523235156
221;"CALLE SANTANDER";"1";1;"";37.15538095958551;-3.5980731151354
222;"CALLE CATALUÑA";"FRENTE 18";1;"";37.15576940777926;-3.599193015498521
223;"CALLE SAN MARCIAL";"1";1;"";37.15469537131023;-3.599141857505042
224;"CALLE ASTURIAS";"27";5;"LABORABLES DE 9:00 A 17:00";37.1542650936229;-3.598630899415483
225;"CALLE SANTA ADELA";"24";5;"LABORABLES DE 9:00 A 17:00";37.15428157267758;-3.599170350115874
226;"CALLE SANTANDER";"6";1;"";37.15485800602422;-3.598064828960377
227;"CALLE LIMA";"FRENTE 1";1;"";37.15368419308989;-3.602824857289799
228;"CALLE LIMA";"7";2;"";37.15371453979962;-3.603132651726303
229;"CALLE URUGUAY";"23";1;"QUINCENAL";37.15291278618717;-3.601559815234009
230;"CALLE URUGUAY";"24";1;"QUINCENAL";37.15291668317513;-3.60159126556279
231;"CALLE JAEN";"16";1;"";37.15183274032103;-3.602622883552747
232;"CALLE POETA GRACIAN";"10";2;"";37.15349366939206;-3.599149492665758
233;"CALLE PINTOR HERMENEGILDO LANZ";"10";1;"";37.15392659849023;-3.597614348360326
234;"CALLE POETA GRACIAN";"18";1;"";37.15330629384511;-3.597534239297241
235;"CAMINO DE SANTA JULIANA";"FRENTE 3";2;"";37.15145367411925;-3.603337891691645
236;"CALLE TETUAN";"2";1;"";37.15170085401549;-3.602411814164006
237;"CALLE COLEGIO DE VETERINARIOS";"S/N";1;"";37.15057362969095;-3.598940306818534
238;"CALLE SANTA ROSALIA";"4";1;"";37.1513691036208;-3.600425067248044
239;"CALLE SANTA ROSALIA";"22";1;"";37.15109195615651;-3.598650703319427
240;"CALLE SANTA ROSALIA";"24";1;"";37.1510364543569;-3.598252295792175
241;"CALLE PEDRO ANTONIO DE ALARCON";"51";3;"";37.17398511223644;-3.607101912441152
242;"CALLE OBISPO HURTADO";"22";1;"";37.17378624699013;-3.607157771615066
243;"CALLE NEPTUNO";"12";2;"";37.16841854319634;-3.608463352301309
244;"CALLE MARQUES DE LA ENSENADA";"3";1;"";37.16855263113121;-3.606198493900149
245;"CALLE PEDRO ANTONIO DE ALARCON";"27";2;"";37.17147195922244;-3.605573430081638
246;"CALLE MARIANA CARVAJAL";"1";1;"";37.16710876282728;-3.607044463868126
247;"CALLE PINTOR ZULOAGA";"FRENTE 33";1;"";37.16670967183957;-3.601918071885093
248;"CALLE REY ABU SAID";"4";1;"";37.16512363692337;-3.601475582486466
249;"CALLE FONTIVEROS";"4";1;"";37.1619414599848;-3.5986837740194
250;"AVENIDA DEL DUQUE DE SAN PEDRO GALATINO";"10";1;"";37.16261715420362;-3.597502444803104
251;"CALLE PARQUE DE LAS CIENCIAS";"S/N";1;"";37.15899266746737;-3.604719214703973
252;"CALLE COMPOSITOR LUIS MEGIAS";"FRENTE 3";1;"";37.16047275271242;-3.601795978460143
253;"CALLE ALBUÑOL";"3";1;"";37.15863521681205;-3.602671358852412
254;"CALLE DOÑA ROSITA";"FRENTE 15";1;"";37.15895903307378;-3.597188263774887
255;"AVENIDA DE BARCELONA";"9";2;"";37.16118084056826;-3.601433302409811
256;"CALLE MERCEDES GAIBROIS";"37";2;"";37.15649212123002;-3.589002678429428
257;"CALLE MERCEDES GAIBROIS";"17";2;"LABORABLES DE 8:00 A 20:00";37.15598050581307;-3.590468276587435
258;"CALLE JIMENEZ QUILES";"FRENTE 11";2;"";37.15176123352119;-3.594419371626729
259;"CALLE PEDRO ANTONIO DE ALARCON";"19 B";1;"";37.17042477013327;-3.604853641976383
260;"CALLE PEDRO ANTONIO DE ALARCON";"13";1;"";37.17001058427331;-3.604444614224538
261;"CALLE ALHAMAR";"44";2;"";37.16906684449783;-3.604792252022648
262;"CALLE TABLAS DE DAIMIEL";"FRENTE 45";3;"";37.1633484954207;-3.556673639093308
263;"PASEO DE LA BOMBA";"12";2;"";37.16861945718294;-3.590090575004898
264;"CALLE ACEQUIA DE NAUJAR";"S/N";3;"";37.20260826397349;-3.649993185309107
265;"CAMINO DEL SACROMONTE";"83";1;"";37.1818768531414;-3.584156629368889
266;"CARRETERA DE LA SIERRA (LANCHA)";"150";1;"";37.16298652891355;-3.563469852373511
267;"CALLE VILLA DE OÑA";"9";2;"";37.20936095986823;-3.615752073508616
268;"CALLE BALADIES";"21";2;"";37.15887984920641;-3.607325546693003
269;"CALLE PIANISTA PEPITA BUSTAMANTE";"2";1;"";37.16030191717116;-3.589019510974535
270;"CALLE ALBONDON";"8";1;"";37.18430891732547;-3.617268434299589
271;"CALLE ASTURIAS";"51";1;"";37.15174103098414;-3.599031496728129
272;"CALLE EMIR";"19";4;"";37.15964110327231;-3.609046457054526
273;"PLAZA CEMENTERIO DE SAN NICOLAS";"5";1;"";37.18164715215335;-3.592815502140855
274;"CALLE JOSE TAMAYO";"18";1;"";37.15981473358478;-3.585990176981216
275;"CALLE MARQUES DE LOS VELEZ";"2";1;"";37.16999543485176;-3.600467067001848
276;"CALLE ABU ISAAC";"4";1;"";37.16875442984473;-3.599797195935065
277;"CUESTA DEL REY CHICO";"S/N";2;"";37.17908978930965;-3.588246811107389
278;"PLAZA MARIA JOSEFA RECIO";"6";1;"";37.20465411113207;-3.611151661311226
279;"CALLE SAETA";"FRENTE 16";1;"";37.19407517742169;-3.612445814544022
280;"CALLE PERIODISTA LUIS DE VICENTE";"7";1;"";37.19979249337163;-3.601698744224447
281;"CALLE ASTURIAS";"35";1;"";37.15256459584601;-3.59882684243691
282;"CALLE PROFESOR MANUEL GARZON PAREJA";"FRENTE 32";1;"";37.15844970359977;-3.593726400082919
283;"CALLE JOSE LUIS PEREZ PUJADAS";"FRENTE 9";2;"";37.16027343674713;-3.608202672584307
284;"PLAZA ALMAGRO SEGURA";"3";2;"";37.18948159816755;-3.602751557834127
285;"PLACETA DE LAS MINAS";"5";1;"";37.18225318124363;-3.593750340466932
286;"CALLE SANCHO PANZA";"12";1;"";37.16278231429188;-3.588710218825683
287;"CALLE SANCHO PANZA";"14";1;"";37.16274161502599;-3.588810368393907
288;"CALLE ACONCAGUA";"18";2;"";37.15900818265043;-3.578317995256428
289;"CALLE TORRE DE MACHUCA";"S/N";1;"";37.15524615589997;-3.595894471312542
290;"CALLE SANTA CLOTILDE";"36";1;"";37.18045433884361;-3.613041916731214
291;"CALLE VIOLETAS";"1";1;"";37.16405710557001;-3.593881652567614
292;"PLAZA DEL SALVADOR";"13";1;"";37.1823121578368;-3.590818983776792
293;"CALLE MADRESELVA";"31";1;"";37.16288328099324;-3.594983106454134
294;"CALLE RUISEÑOR";"10";1;"";37.18577448722095;-3.61014291053005
295;"CALLE VIRGEN DEL PILAR";"4";1;"";37.18906035630029;-3.604279147756328
296;"CAMINO DE LA ZUBIA";"2";1;"";37.16440780920286;-3.596800316543582
297;"CALLE POETA VICENTE ALEIXANDRE";"4";2;"LABORABLES DE 9:00 A 21:00";37.18845404558675;-3.62307578012521
298;"AVENIDA DE AMERICA";"45";4;"";37.16054855618722;-3.594748677473372
299;"CAMINO DE RONDA";"143";1;"";37.18021210909667;-3.612068198499682
300;"CALLEJON DE MATAMOROS";"7";4;"";37.17406394155527;-3.589403499262438
301;"PASEO DE LA BOMBA";"6";1;"";37.16954702844539;-3.592095439506233
302;"CALLE JOSE RECUERDA";"4";1;"";37.17286704642193;-3.608854614435865
303;"CALLE CRISTO DE MEDINACELI";"2";2;"";37.17148993298037;-3.604399054427587
304;"CUESTA DE LAS CABRAS";"8";1;"";37.18104902306908;-3.592210936180563
305;"AVENIDA DE LA ARGENTINITA";"4";2;"";37.19673112424675;-3.614735719455306
306;"CALLE MENCIA CALDERON";"1";3;"";37.19041600369099;-3.615811934211775
307;"CALLE JUAN DE SEVILLA";"15";1;"";37.20459422660465;-3.604966567764036
308;"CALLE FRANCISCO HURTADO IZQUIERDO";"3";2;"";37.20486936514747;-3.604553718720335
309;"CALLE FRANCISCO HURTADO IZQUIERDO";"15";1;"";37.20553362389036;-3.60449737058531
310;"CALLE VIRGEN DEL ROCIO";"7";1;"";37.16364556146716;-3.589297299323022
311;"CALLE BERCHULES";"2";4;"";37.18274471135062;-3.617771127331957
312;"CALLE GOLCO";"6";2;"";37.18242268240228;-3.618507206595524
313;"CALLE PIZARRO CENJOR";"25";1;"";37.18885567023115;-3.60211102673262
314;"CALLE CAÑAR";"6";1;"";37.18443367786854;-3.618513792426975
315;"CALLE TORTOLA";"3";3;"";37.1852643284519;-3.609469368628256
316;"AVENIDA DE LA CIENCIA";"S/N";2;"";37.16219923581023;-3.607032352328644
317;"AVENIDA DE LA CIENCIA";"S/N";2;"";37.16249018781699;-3.607177492318033
318;"CALLE MARIANA CARVAJAL";"FRENTE 1";1;"";37.16710831099078;-3.607044685527825
319;"CALLE TORRE DE COMARES";"FRENTE 5";2;"";37.15242583872499;-3.594221531477023
320;"CALLE SANTA BARBARA";"16";1;"";37.1819545529855;-3.604941557859602
321;"CALLE ALBONDON";"9";2;"";37.1821922132141;-3.619177671041418
322;"CAMINO VIEJO DEL FARGUE";"23";1;"";37.18992149595782;-3.588833378865584
323;"CALLE ANGEL BARRIOS";"9";3;"";37.17224519102935;-3.608445577183679
324;"CALLE RIBERA DEL VIOLON";"1";2;"";37.16560941727832;-3.602752638536202
325;"CALLE RIBERA DEL VIOLON";"5";1;"";37.16584539516511;-3.602008538138657
326;"CUESTA ALHACABA";"43 A";1;"";37.18236881974587;-3.59592904271866
327;"CALLE SAN ROMULO";"FRIBURGO";2;"";37.19628610159098;-3.607489676227616
328;"CALLE JOSE LUIS PEREZ PUJADAS";"22";1;"";37.15848299975121;-3.609744999941708
329;"PLAZA DE SAN ISIDRO";"1";1;"";37.18644170404908;-3.603461423053462
330;"AVENIDA DE PULIANAS";"FRENTE 17";1;"";37.19089789973731;-3.603758931149813
331;"CALLE TOLEDO";"9";1;"";37.15219210562043;-3.603071684794716
332;"CALLE SOMOSIERRA";"2";2;"";37.17125986916535;-3.591627813325361
333;"CALLE NORTE";"FRENTE 2";1;"";37.19018162245971;-3.619642157292351
334;"CUESTA DEL CHAPIZ";"1";1;"";37.17998884400988;-3.588411944670347
335;"CALLE JOSE MARIA MIRANDA SERRANO";"37";1;"";37.20463588768261;-3.600456089188385
336;"CALLE PROFESOR MOTOS GUIRAO";"FRENTE 5";2;"";37.17903966004145;-3.606835350985727
337;"CALLE DOCTOR FERNANDO ESCOBAR";"10";1;"";37.19019213380846;-3.608974550748605
338;"AVENIDA DE PAMPANEIRA";"13";1;"";37.18322923199544;-3.620222146757448
339;"CALLE SANTA ADELA";"48";1;"";37.15173378761288;-3.599752161467662
340;"CALLE OTURA";"S/N";1;"";37.1508598466437;-3.602926083105177
341;"CALLE MARIA GOYRI";"FRENTE 20";1;"";37.19252028573814;-3.629426082593968
342;"CALLE PROFESOR MANUEL GARZON PAREJA";"13";1;"";37.15856543872935;-3.592373915100918
343;"CALLE SAN ROMULO";"7";1;"";37.19672328382367;-3.604930730193797
344;"CALLE DOCTOR BARRAQUER";"2";1;"";37.18765013802933;-3.607733866298175
345;"CALLE VENEZUELA";"29";1;"QUINCENAL";37.15259178267429;-3.60129544447282
346;"CALLE VENEZUELA";"30";1;"QUINCENAL";37.15259610874835;-3.601331177387642
347;"CALLE ANCHA DE GRACIA";"12";2;"";37.17138016134165;-3.606110112601465
348;"CALLE VIRGEN BLANCA";"3";2;"";37.17080932296519;-3.606741077294111
349;"CALLE ANCHA DE GRACIA";"1";2;"";37.17229322183783;-3.604743941089503
350;"CALLE RIBERA DEL GENIL";"10";1;"";37.16669964996214;-3.600711108593302
351;"CALLE MOZART";"5";2;"";37.1659624662428;-3.606616979901486
352;"CALLE TOLEDO";"9";1;"";37.15214095258727;-3.603097967905259
353;"CARRETERA DE MALAGA";"22";1;"";37.18883011000271;-3.616708181217815
354;"CALLE CASERIA AGUIRRE";"1";1;"";37.209962634998;-3.611588889958742
355;"CALLE VIRGEN DEL PILAR";"2";1;"";37.18862410975252;-3.604255055960463
356;"CALLE JOSE MARIA GARRIDO LOPERA";"9";1;"LABORABLES DE 8:00 A 20:00";37.15860664127892;-3.590544562843048
357;"CALLE SOL Y LUNA";"26";1;"";37.15572489753986;-3.603265857447614
358;"AVENIDA CAPITAN MORENO";"1";1;"";37.18282983459707;-3.600019028346349
359;"PLAZA DEL TABACO";"FRENTE 31";1;"";37.19202085075418;-3.644763017351842
360;"CALLE SANTA ESCOLASTICA";"8";2;"DE 15:30 A 8:00";37.17436877913706;-3.595152297823473
361;"CALLE PERIODISTA RICARDO LOPEZ JOFRE";"8";2;"";37.19297922272296;-3.6227396498062
362;"CALLE INGENIERO SANTA CRUZ";"18";1;"";37.1523974561403;-3.59824049573212
363;"PASEO DE LOS MARTIRES";"FRENTE 10";2;"";37.17388879259075;-3.588805230003065
364;"CALLE CIRCUNVALACION ENCINA";"21";1;"";37.19106225797665;-3.62033878292209
365;"CALLE EUDOXIA PIRIZ";"27";2;"";37.16444536858011;-3.60887753835448
366;"CALLE DE LOS JUNCOS";"9";1;"";37.16465205137499;-3.605053315565156
367;"CALLE GAVIOTA";"15";1;"";37.18523545621466;-3.612468887974939
368;"CALLE NUEVA DE CARTUJA";"FRENTE 25";1;"";37.18670169718819;-3.601538163096919
369;"CALLE PINTOR JOAQUIN CAPULINO JAUREGUI";"2";1;"";37.20825081699775;-3.609200338930016
370;"CALLE IZNAJAR";"14";1;"";37.20115504143191;-3.611381745254611
371;"CALLE AVICENA";"S/N";1;"";37.14881305519099;-3.597283576455682
372;"CALLE AVICENA";"S/N";1;"";37.14873121897573;-3.597227529515038
373;"AVENIDA DE JUVENTUDES MUSICALES";"S/N";1;"";37.19779808284644;-3.617744162349247
374;"CALLE VIRGEN DE LORETO";"28";1;"";37.16311843006481;-3.593746135541603
375;"CALLE MIRLO";"2";1;"";37.18607623480661;-3.610676883812802
376;"AVENIDA FEDERICO GARCIA LORCA";"VALLE GRAN REY";1;"";37.2016075352069;-3.619947899430806
377;"AVENIDA DE CADIZ";"18";1;"";37.15840126397144;-3.601754780299079
378;"CALLE REÑIDERO";"6";2;"";37.16859341630837;-3.597728457252375
379;"CALLE REÑIDERO";"11";2;"";37.16853724848596;-3.597694674424862
380;"CALLE ACERA DEL DARRO";"5";2;"";37.17132010248781;-3.598511264963402
381;"CALLE ACERA DEL DARRO";"30";2;"";37.17189694162011;-3.599059425113395
382;"CALLE RECOGIDAS";"8";1;"";37.17289900866755;-3.600901516003169
383;"CALLE DOMINGO PUENTE MARIN";"6";1;"";37.16243841535749;-3.60290327183021
384;"CALLE DOCTOR ALEJANDRO OTERO";"6";1;"";37.1647371283801;-3.606010690389601
385;"AVENIDA SALVADOR ALLENDE";"2";2;"";37.15399029376294;-3.595719632409935
386;"AVENIDA SALVADOR ALLENDE";"S/N";7;"";37.15414907433644;-3.59475800796034
387;"CALLE ALEJANDRO DUMAS";"11";1;"";37.20241560201906;-3.602545329480959
388;"AVENIDA FEDERICO GARCIA LORCA";"28";1;"";37.20187350568848;-3.619021868954962
389;"CALLE SAN ISIDORO";"FRENTE 8";1;"";37.17612399799502;-3.610785512737444
390;"CALLE TIRSO DE MOLINA";"FRENTE 4";1;"";37.16527520963656;-3.594882578661843
391;"CALLEJON DE ARENAS";"FRENTE 1";2;"";37.16869303111588;-3.596902478560332
392;"CALLE ESCRITOR BALTASAR MARTINEZ";"FRENTE 6";2;"";37.15432044945001;-3.590745692372547
393;"CALLE SANTO TOMAS DE VILLANUEVA";"6";1;"";37.17986961326849;-3.613754127852542
394;"CALLE RECTOR MARIN OCETE";"1";2;"";37.18318478332137;-3.606249987866069
395;"CALLE ALICANTE";"2";2;"";37.15602311303547;-3.596730910471451
396;"CALLE PERIODISTA LUIS DE VICENTE";"6";1;"";37.19964654115564;-3.601630652307881
397;"CALLE SOS DEL REY CATOLICO";"S/N";2;"";37.16536661758726;-3.597269313315217
398;"CAMINO DE RONDA";"97 A";2;"";37.17387027924691;-3.608227675626432
399;"CALLE DOÑA ROSITA";"6";2;"";37.15900453132198;-3.598267105151481
400;"CALLE ANTONIO DALMASES";"S/N";1;"";37.16456689283654;-3.598772399322782
401;"CALLE JOSE LUIS PEREZ PUJADAS";"3";2;"";37.16077566956399;-3.607539386528209
402;"CALLE CRUZ DE LA RAUDA";"27";1;"";37.18340054457165;-3.589670888778967
403;"CALLE SANCHO PANZA";"4";1;"";37.16312371297678;-3.587938762445479
404;"AVENIDA JUAN PABLO II";"ESTACION";4;"";37.20022067551273;-3.614099720814873
405;"CALLE SAN PIO X";"FRENTE 4";2;"";37.15871472291366;-3.600268724934224
406;"CALLE CURRO CUCHARES";"11";2;"";37.19535751727778;-3.611063358837737
407;"CALLE CEMENTERIO DE SANTA ESCOLASTICA";"FRENTE 3";1;"LABORABLES DE 8:00 A 20:00";37.17475910677318;-3.595022659072024
408;"CARRETERA DE MALAGA (BOBADILLA)";"207";2;"";37.1916419505007;-3.644322742065629
409;"PASEO JARDIN DE LA REINA";"3";2;"";37.16453579058278;-3.603490862104169
410;"CALLE CARLOS PAREJA";"5";1;"";37.17426446157134;-3.604097506234066
411;"CALLE CONDE CIFUENTES";"15";2;"";37.16963748664055;-3.601570918419006
412;"CALLE FELIX RODRIGUEZ DE LA FUENTE";"2";1;"";37.15851166612113;-3.603250836076063
413;"CALLE BERNARDA ALBA";"4";1;"";37.15889853063312;-3.597783002662428
414;"CARRETERA DE MALAGA";"53";1;"";37.18881606119064;-3.621044198436088
415;"CALLE AGUSTINA DE ARAGON";"31";2;"";37.16695122771566;-3.602863757857913
416;"AVENIDA DE DILAR";"119";1;"";37.15183566424491;-3.601050041947427
417;"CALLE TOTANA";"12";1;"";37.18862936831518;-3.600929263705482
418;"AVENIDA DE DILAR";"FRENTE 3";1;"";37.16350215412371;-3.598397050468254
419;"CALLE LAS FLORES";"5";1;"";37.16780176289864;-3.60556207353223
420;"AVENIDA DE JUVENTUDES MUSICALES";"FRENTE 16";2;"";37.19525748409521;-3.618228833582732
421;"CALLE CRISTOBAL COLON";"FRENTE Nº13";1;"";37.19625530343654;-3.602728745949387
422;"CALLE OSCAR ROMERO";"FRENTE 17";1;"";37.15695904288872;-3.597178950967117
423;"CALLE ARABIAL";"58";1;"";37.17435014902134;-3.609886519163962
424;"CALLE ARABIAL";"58";1;"";37.17449141049904;-3.609972026069598
425;"CALLE ARABIAL";"FRENTE 40";2;"";37.17114793383955;-3.608106745636056
426;"CALLE ARABIAL";"FRENTE 28";1;"";37.16925488498808;-3.606945600306818
427;"CALLE ARABIAL";"FRENTE 20";1;"";37.1684034205614;-3.606433391078322
428;"CALLE ARABIAL";"99";2;"";37.17886902210233;-3.612678763731333
429;"CALLE PALENCIA";"11";1;"";37.16012181406376;-3.598018223856048
430;"CALLE RIBERA DEL BEIRO";"FRENTE 38";2;"";37.19370908827664;-3.605053964827335
431;"CALLE VIRGEN DE LORETO";"30";1;"";37.16286441475445;-3.593800125333714
432;"AVENIDA PABLO PICASSO";"30";1;"LABORABLES DE 8:00 A 20:00";37.16556184646981;-3.593191156921573
433;"CALLE CRISTO DE LA YEDRA";"22";1;"";37.18697088785146;-3.601620852211297
434;"CALLE GRAN CAPITAN";"7";1;"";37.17865028083809;-3.603718855249847
435;"CALLE CONSUELO";"3";1;"";37.1877670506164;-3.591787337341176
436;"CALLE EMPERATRIZ EUGENIA";"22";2;"";37.17527300619651;-3.608182588482289
437;"CALLE ATENEA";"S/N";1;"";37.19979385797655;-3.626036721739855
438;"CALLE ACTRIZ FABIANA LAURA";"S/N";1;"";37.18735685910771;-3.62730209531373
439;"CAMINO DE LOS ABENCERRAJES";"37";1;"";37.1574203365529;-3.590863738588197
440;"PASAJE DE SAN JUAN";"2";1;"";37.19263551715808;-3.62507153463066
441;"CALLE VIRGEN DE LA CONSOLACION";"1";1;"";37.19332491736587;-3.62621533849639
442;"CALLE SAN BENITO";"5";1;"";37.19320748169744;-3.604713293943925
443;"AVENIDA DE DILAR";"5";1;"";37.16257606653292;-3.598841053526576
444;"CALLE SAN FERNANDO";"33";1;"";37.19384128453791;-3.605980308636297
445;"CALLE DOCTOR SANCHEZ MARISCAL";"8";1;"";37.19110383031036;-3.607634544746004
446;"CALLE DOCTOR FLEMING";"2";1;"";37.19022674304343;-3.608360326765371
447;"AVENIDA DE BARCELONA";"29";2;"";37.16043595719891;-3.600179057581938
448;"PASEO DE LOS BASILIOS";"5";3;"";37.16839541427579;-3.591602570502689
449;"CAMINO NUEVO DEL CEMENTERIO";"S/N";1;"";37.16834331194296;-3.581697385348256
454;"CALLE ARABIAL";"118";1;"";37.18008988032562;-3.613237921880673
455;"CALLE RECOLETOS";"10";1;"";37.18069409412693;-3.615952961294597
456;"CALLE CASERIA AGUIRRE";"S/N";1;"";37.2089462765832;-3.614838559402316
457;"CALLE PERIODISTA AQUILINO MORCILLO HERRERA";"10";1;"";37.19666933346805;-3.62767498621288
463;"AVENIDA DON BOSCO";"14";1;"";37.15948627913106;-3.602146979191929
464;"CALLE POETA CESAR VALLEJO";"3";2;"";37.15934748151945;-3.590041827906994
465;"CALLE JULIO VERNE";"8";2;"";37.18270245053066;-3.614538718388935
466;"CALLE ARZOBISPO GUERRERO";"26";1;"";37.19244178869732;-3.625245934080198
467;"CALLE AGUSTIN LARA";"24";1;"";37.16317241300678;-3.593477935761294
468;"CALLE ENTRALA Y DURAN";"FRENTE 15";1;"";37.1920380408457;-3.625931824830494
469;"CALLE PERIODISTA EDUARDO MOLINA FAJARDO";"1";1;"";37.19751445362033;-3.627067418397909
470;"AVENIDA DE LA INVESTIGACION";"S/N";2;"";37.14783233593316;-3.605999302212024
471;"CARRETERA DE LA SIERRA";"11";4;"DE 8:00 A 20:00";37.16712697353573;-3.587259370226055
472;"CALLE SULTAN MOHAMED V";"1";3;"";37.20960713657529;-3.610763885496056
473;"CAMINO DE RONDA";"147";4;"";37.18062016447848;-3.612314824743803
474;"CALLE SANTIAGO";"FRENTE 67";1;"";37.17116881317615;-3.592046468913601
475;"CALLE CISNE";"5";2;"";37.18614100210254;-3.610106987974579
476;"CALLE AZORIN";"4";2;"";37.17237483750842;-3.606855978815604
477;"CALLE RIBERA DEL GENIL";"8";2;"";37.16703348626668;-3.599775044812352
478;"CALLE PRIMAVERA";"22";2;"";37.16201875531701;-3.593071113360543
479;"AVENIDA JUAN PABLO II";"FRENTE AUTOBUSE";2;"";37.20059316912799;-3.613605118057284
480;"PLACETA GUTIERRE DE CETINA";"4";3;"LUNES A VIERNES DE 8:00 A 21:00";37.15648876448923;-3.596805520886071
481;"CALLE PERUGIA";"6";2;"";37.15711346907192;-3.59735506573843
482;"CALLE LAS MADROÑERAS";"11";1;"";37.19315156100974;-3.610248986005389
483;"CALLE GENERAL NARVAEZ";"7";1;"";37.17201120483253;-3.604188731348176
484;"CALLE ALHAMAR";"39";1;"";37.16896947893253;-3.603360068591361
485;"CALLE MERCEDES GAIBROIS";"18";4;"DE LUNES A VIERNES DE 16:00 A 21:00";37.15638894895776;-3.589503486402792
486;"CALLE CARRERA DE LA VIRGEN";"1";3;"DE 11:00 A 8:00 PMR RESTO DE HORAS CyD";37.17134543764923;-3.597669241110354
487;"CALLE PAVIA";"13";1;"";37.1544808925185;-3.598308489461087
488;"CALLE DOCTOR JIMENEZ DIAZ";"S/N";1;"";37.1847381745749;-3.608679891243112
489;"CALLE CAMPOAMOR";"10";2;"";37.15151899220366;-3.600481545139643
491;"CALLE FELIX RODRIGUEZ DE LA FUENTE";"FRENTE 8";1;"";37.15609865640536;-3.604481623839293
492;"CALLE PALERMO";"3";1;"";37.15733430343209;-3.596675783444278
493;"CALLE ARZOBISPO GUERRERO";"24";1;"";37.19237249626391;-3.62505291757807
494;"CALLE TORTOLA";"37";1;"";37.18603378655088;-3.613314899884256
495;"PASEO DEL SALON";"3";1;"";37.16971189616096;-3.595087979526155
496;"AVENIDA DEL DUQUE DE SAN PEDRO GALATINO";"9";1;"";37.1626639762776;-3.597315511317551
497;"AVENIDA PABLO PICASSO";"20";1;"";37.16440643671181;-3.595493891715281
498;"CALLE MAITENA";"8";2;"";37.16305170721865;-3.582797787076481
499;"CALLE MAITENA";"10";2;"";37.16295250891726;-3.582843428785848
500;"CALLE NUESTRA SEÑORA DE LA SALUD";"1";2;"";37.18930684725764;-3.613511030463981
501;"CALLE ANTONIO MACHADO";"8";1;"";37.1901636713187;-3.622520948183627
502;"AVENIDA DEL CONOCIMIENTO";"S/N";2;"";37.14744045242517;-3.599525810994378
503;"AVENIDA DEL CONOCIMIENTO";"S/N";2;"";37.14587970595863;-3.603433464951807
504;"CALLE ALBERCA";"24";1;"";37.20083919436088;-3.611013534509058
505;"PASAJE DE PEÑARANDA";"2";1;"";37.19906491188182;-3.598931110355629
506;"AVENIDA DE LA INVESTIGACION";"S/N";5;"";37.14796950205076;-3.606728514693424
507;"AVENIDA DE LA INVESTIGACION";"S/N";5;"";37.14744293800646;-3.604458779936276
508;"AVENIDA DE LA INVESTIGACION";"S/N";5;"";37.14751889115298;-3.604377181687908
509;"AVENIDA DE LA INVESTIGACION";"S/N";2;"";37.14658668492869;-3.603166127138273
510;"AVENIDA DEL CONOCIMIENTO";"S/N";2;"";37.14553909690031;-3.606752902179363
511;"PLAZA ISABEL CATOLICA";"7";1;"";37.17545243003237;-3.597506686677898
512;"CALLE MOZART";"2";2;"";37.1650304951353;-3.605912564587926
513;"CALLE DOCTOR FERMIN GARRIDO";"FRENTE 5";1;"";37.19124028755062;-3.608763140392082
514;"CAMINO REAL DE LOS NEVEROS";"24";1;"";37.16078783470071;-3.584593464078777
515;"CALLE ENCINA";"5";1;"";37.1895742573472;-3.619918419303571
516;"CALLE DEMETRIO SPINOLA";"15";1;"";37.18503674772664;-3.617780882633256
517;"CALLE ASTURIAS";"43";1;"";37.15202125149101;-3.598983143990204
518;"CALLE VICTOR HUGO";"FRENTE 21";1;"";37.1977212728987;-3.601321286589619
519;"CALLE DOCTOR ADELARDO MORA";"9";1;"";37.18725171886402;-3.608665912124687
520;"CALLE RIBERA DEL GENIL";"13";2;"";37.16630890820225;-3.601811046933287
521;"CALLE TRINIDAD MORCILLO";"1";1;"";37.17789417102669;-3.608452207793965
522;"PASEO DEL SALON";"8";1;"";37.16975115312781;-3.594737077004953
523;"CALLE SAN AGAPITO";"2";1;"";37.19241656156209;-3.605302581281655
